No,,k,o,\_ӏ,s{,Iӏ
1,RX,41.7994444,140.1125,ԑِ,kC,Ѓm`m_ЁARِՁEԑِՎ(m)
2,BX|PEERz,40.3486111,141.2583333,P,X,P(O˒)``󐅁`܌(암E܌˒)
3,HBX|z,40.4211111,140.6263888,,X|Hc,(Xs)`̑`߉ޓ(Hcَs)
4,pE암X|mؓz,40.1261111,141.0027777,mؓ,茧|Hc,mؓ(茧s)`JJ(Hcps)
5,ۓEΊX|z,39.7197222,140.7883333,,茧|Hc,(茧Β`Hcks)
6,kX|ORz,39.1177777,139.8705555,ORX,Hc,ORX(ɂَs)
7,oHEX|RzERz,38.735,140.6197222,Rz,{錧|R`,R({錧s`R`ŏ㒬)ARz(R`ԑs)
8,X,38.6797222,140.8719444,sV,{錧,V`(s)
9,HBX|Rz,38.0566666,140.2972222,R,{錧|R`,R`艺h({錧Ph`R`Rs)
10,Rx^,38.2116666,140.9772222,sы̒Rx,{錧,kE^͂܂ޑS49Km(s`Ίs)
11,đEX|Jz,37.8094444,140.2508333,J,R`|,h`J(R`đs)`h(s)
12,H|Iqz,37.8227777,140.2705555,IqێoO,R`|,(R`đs)`Iq``gl(s)
13,zEđX|򓻁E嗢Emz,38.0244444,139.8083333,,R`|V,򓻁E嗢(R`)Am(V֐쑺)
14,oHORoq,38.7025,139.9811111,oHOR_,R`,H_Ё`r򎛁Ac`aRER(߉s)
15,nH|ÊXEE򓻉z,37.5122222,139.9713888,,,(Í≺)A(Îᏼs)
16,\z,37.3966666,139.2075,\z,|V,򕽁`\()`gP(VOs)
17,X,37.3338888,139.8608333,h,,R(Ò)`h()`ȑ(Ô)
18,OlX|\z,36.6691666,140.6994444,\,錧,\`Ɏt(s)
19,؊X,36.7027777,139.7502777,s,Ȗ،,s`KA΁`As`q(s)
20,nH|OX,36.7661111,138.8225,O,Qn|V,i`O(Qn݂Ȃݒ`V)A񋏓z()AȌz(싛s)AƂэ⓻()
21,zV,36.8941666,138.9472222,,Qn|V,w]`(Qn݂Ȃݒ`V싛s)`(싛s)
22,R|OXz,36.3441666,138.6505555,OX,Qn|쌧,{h`OX(Qns)`Ǖh(쌧y)
23,mcX,36.1594444,138.5872222,]n,Qn,uꓻz(mc)`]nz(q)
24,qX|㓹,35.9583333,139.3438888,јCR,ʌ,ɐ(쒬)`ԕl(񋏒)AіV`p(јCR)
25,ʑDx,35.8630555,139.7127777,ʑDx,ʌ,Ԗ؁`RVc(܎s)1km
26,qX|㑍,35.415,140.005,PYsOc,t,Oc(PYs)`(ss)
27,lX|z,35.6252777,139.3480555,,s,`(qs)
28,C|XE⓹E,35.1947222,139.0280555,֏Ջ߂,_ސ쌧|É,{`֏ՁA{`V(_ސ쌧)A֏Ձ`쌴J(É쒬`Os)
29,qX|ؒ,35.3183333,139.5322222,啧ؒ,_ސ쌧,啧ؒʁEϔECETPJ(qs)EΓސؒ(qs`ls)Ezؒ(qs`qs)
30,VRX,37.1327777,138.4472222,Yi,V,Yi`R(zs)`t(\s)
31,{E獑X,36.9075,137.8988888,ԓ,V|쌧,`ԓ(Vs`쌧J)A`B|(쌧n`J)
32,k|䗘z,36.6616666,136.8161111,䗘,xR|ΐ쌧,䗘(xRs`ΐ쌧Ô)
33,PP􉝗,36.8477777,136.8616666,PP,xR|ΐ쌧,c(xRXs)`PP`(ΐ쌧Bu)
34,ΓR,36.9616666,136.9747222,ΓR,xR|ΐ쌧,cE(xRXs)`ΓR(ΐ쌧\o)
35,RT蓹|T蓹|zOT蓹|ZT蓹,36.0730555,136.6580555,,ΐ쌧|䌧E򕌌,Y`RR(ΐ쌧Rs)A򎛁`(䌧Rs)AΓO`RR(򕌌Ss)
36,k|؃m蓻Ez,35.7169444,136.1402777,؃m蓻,䌧,؃m蓻(։s)`(zO)
37,xmgcoR,35.4711111,138.7925,xmԐ_,R,k{{Ԑ_Ё`xmRR(xmgcs)
38,qX|H,35.5563888,138.7636111,⓻,R,쌴`⓻(Js`xm͌Β)
39,_,35.8830555,138.3461111,Þ[߂,R,bZ`(kms)
40,R|MZH,35.9652777,137.8111111,ޗǈh,쌧,}擻(Ȓ)A`ac(a)Aޗǈh`(Ks`ؑc)A^쓹`ȘUh`nU(ؑ])
41,씞,36.0522222,137.6052777,씞,쌧,씞z({s)
42,R|ZH,35.4330555,137.2944444,Տh,򕌌,V`h(Ðs)Asˁ`O铻(bߎs)AՏh`׋vh(Qs)A䐓h`by(䐓)
43,C|̒REJEz,34.8155555,138.0966666,̒R,É,̒R(|s)AJ(cs)Az(cs)
44,{,34.8036111,137.6066666,,É|m,C`(Éls)`{⓻`(mLs`Ls)
45,cX|Vz,34.8311111,138.9086111,{,É,{`@YѓA{`(͒Ò)
46,C|鎭z,34.8938888,136.3366666,鎭,Od|ꌧ,֏h`鎭(OdTRs)`yRh(ꌧbs)
47,ɐ{X|⓻z,34.5127777,136.2902777,⓻,Od|ޗǌ,⓻(OdÎs)`_(ޗǌ)EEƎ擻(])EΊ(FɎs)`_(s)
48,FQw,34.0916666,136.2013888,nz,Od|a̎R,ɐH|nz(OdIk)`SR(hs)AIɘH|͐q`Ɖq(a̎RL쒬`)AӘH|`EF{{Вn`(a̎RߒqYEV{sEcӎs)
49,{ÊX|bz,35.4763888,135.1616666,b,s{,bz({Îs`mRs)
50,RA|ז쓻z,35.1955555,135.28,ז쓻,s{,ז쓻z(mRs)
51,|X,34.5158333,135.6766666,|,{,t`|(q)
52,RA|z,35.5186111,134.4138888,,Ɍ|挧,t`(ɌV)`R_(挧)
53,X,34.7330555,135.9511111,ޗǌ,ޗǌ,ޗǁ`(ޗǎs)
54,RQw|Γ,34.2944444,135.5494444,@,a̎R,ImDE@`Oȕ_Ё`c`R̉@(xR`炬`쒬)
55,R,35.3861111,133.6380555,n,挧|R,쏰|쏰`n(挧REՉYEqgs)A蓹|R`(R)AO⓻`B(R^s)
56,q|uˍ⓻z,35.2097222,134.3297222,uˍ⓻,挧|R,s`uˍ⓻(挧q)`⍪(Rq)
57,ΌRX,35.0905555,132.42,~H,,~H⓹|Á`R`~H`⍪(cs)AȂ|n`uN`()
58,LEX,35.3980555,133.2844444,,,L```(s)
59,Rz|RzEg,34.4411111,132.6683333,R,L,R(Ls`Ls)A`g(ss`|s)
60,,34.3313888,131.4225,ꏡJ,R,EꏡJ(s)Am(Rs)AOcK䒃EˑDq(h{s)
61,ԊԊ֊X|؁E_z,34.2994444,131.3772222,_,R,_`GA̚`Hg(Is)
62,]X|⓻z,34.1980555,134.2497222,⓻,|쌧,⓻(쒬`쌧s)
63,ykX|Pz,33.8830555,133.6436111,P,Q|m,z`n`P(Qls)`(mL)
64,X|BPz,33.4741666,132.8380555,BP,Q|m,hԁ`P`P(QFs)A|P`BP(\s`m)
65,썪RX,33.5063888,134.2127777,lYP쓻,m,ăP`lYP쓻(ޔ`k쑺)
66,X|␅z,33.5102777,130.6191666,␅,,h(ђˎs)`␅`RƏh(}s)
67,OE}OX|ҐUz,33.3894444,130.4038888,厛,|ꌧ,ҐU(߉ϐ쒬`ꌧg샖)
68,}|ÊX,33.53,129.8691666,쉮,ꌧ,_c`O쉮(Îs)
69,X|zEz,32.7511111,129.9236111,,茧,(s)A(Бs)AjU`c(Бs`呺s)
70,LX|ߍH,32.9116666,130.9691666,d̓,F{,d̓`ԋA(hs)Aꎺ(hs)A嗘`R(YR)
71,LOX|qH,33.0297222,130.6388888,؍,F{,ԍ`؍(Rs`a)A쒖E֒E֊Oځ`(֒)
72,FEX,32.2175,130.4408333,ÓޖؒÓޖ,F{|,Óޖ؁`Ïw̍``܁`(F{s)A`Ԃ̊֐(os)
73,er쐅^,32.9277777,130.5633333,ʖs,F{,c`l(ʖs)
74,cEÊX,33.3669444,130.9775,΍Ώ,啪,΍Ώ(cs)
75,cE|cX,33.2822222,130.9755555,_,啪,]c̑ΏA_Ђ̐Ώ(cs)
76,KX,31.7516666,131.3577777,sR,{茧,K`R(s)
77,ڋ؁E,31.6952777,130.6066666,,,(s`ǒ)Ai(ؒ)
78,EC,26.2322222,127.7180555,ߔes񗢑喼,ꌧ,񗢑喼`q`(ߔes`YYs)AR`Җ(YYs)A|ˁ`Җ([)
